465,Tuesday Series 1,Puppeteer scr,/reshyc/2016/club/tuesday_s1/puppeteer_scr.htm
461,Tuesday Series 1,Puppeteer hcap,/reshyc/2016/club/tuesday_s1/puppeteer_hcap.htm
466,Tuesday Series 1,Squib scr,/reshyc/2016/club/tuesday_s1/squib_scr.htm
467,Tuesday Series 1,Squib hcap,/reshyc/2016/club/tuesday_s1/squib_hcap.htm
462,Tue + Sat Series 1,17 Footer scr,/reshyc/2016/club/tue_sat_s1/17footer_scr.htm
468,Tue + Sat Series 1,17 Footer hcap,/reshyc/2016/club/tue_sat_s1/17footer_hcap.htm
470,Wednesday Series 1,Class 2 irc,/reshyc/2016/club/wednesday_s1/class2_irc.htm
471,Wednesday Series 1,Class 2 hcap,/reshyc/2016/club/wednesday_s1/class2_hcap.htm
472,Wednesday Series 1,Class 3 irc,/reshyc/2016/club/wednesday_s1/class3_irc.htm
473,Wednesday Series 1,Class 3 hcap,/reshyc/2016/club/wednesday_s1/class3_hcap.htm
474,Wednesday Series 1,White Sails irc,/reshyc/2016/club/wednesday_s1/whitesails_irc.htm
475,Wednesday Series 1,White Sails hcap,/reshyc/2016/club/wednesday_s1/whitesails_hcap.htm
486,Wednesday Series 1,Class 1 & 2 irc,/reshyc/2016/club/wednesday_s1/class1&2_irc.htm
484,Wednesday Series 1,Class 1 & 2 hcap,/reshyc/2016/club/wednesday_s1/class1&2_hcap.htm
464,Saturday One Design S1,Puppeteer Scatch,/reshyc/2016/club/saturday_oneDesign_s1/puppeteer_scr.htm
476,Saturday One Design S1,Puppeteer Hcap,/reshyc/2016/club/saturday_oneDesign_s1/puppeteer_hcap.htm
477,Saturday One Design S1,Squib Scr,
478,Saturday One Design S1,Squib Hcap,
479,Saturday Whitesails,cruisers IRC,/reshyc/2016/club/saturday_cruisers_whitesails/cruisers_ws_irc.htm
480,Saturday Whitesails,cruisers Hcap,/reshyc/2016/club/saturday_cruisers_whitesails/cruisers_ws_hcap.htm
510,Tuesday Series 2,Puppeteer scr,/reshyc/2016/club/tuesday_s2/puppeteer_scr.htm
515,Tuesday Series 2,Puppeteer hcap,/reshyc/2016/club/tuesday_s2/puppeteer_hcap.htm
528,Tuesday Series 2,Squib scr,/reshyc/2016/club/tuesday_s2/squib_scr.htm
527,Tuesday Series 2,Squib hcap,/reshyc/2016/club/tuesday_s2/squib_hcap.htm
516,Tue + Sat Series 2,17 Footer scr,/reshyc/2016/club/tue_sat_s2/17footer_scr.htm
517,Tue + Sat Series 2,17 Footer hcap,/reshyc/2016/club/tue_sat_s2/17footer_hcap.htm
521,Wednesday Series 2,Class 1 irc,/reshyc/2016/club/wednesday_s2/class1_irc.htm
519,Wednesday Series 2,Class 1 hcap,/reshyc/2016/club/wednesday_s2/class1_hcap.htm
520,Wednesday Series 2,Class 2 irc,/reshyc/2016/club/wednesday_s2/class2_irc.htm
522,Wednesday Series 2,Class 2 hcap,/reshyc/2016/club/wednesday_s2/class2_hcap.htm
524,Wednesday Series 2,Class 3 irc,/reshyc/2016/club/wednesday_s2/class3_irc.htm
523,Wednesday Series 2,Class 3 hcap,/reshyc/2016/club/wednesday_s2/class3_hcap.htm
513,Wednesday Series 2,White Sail irc,/reshyc/2016/club/wednesday_s2/whitesails_irc.htm
526,Wednesday Series 2,White Sail hcap,/reshyc/2016/club/wednesday_s2/whitesails_hcap.htm
553,Wednesday Series 2,Class 1 & 2 irc,/reshyc/2016/club/wednesday_s2/class1&2_irc.htm
554,Wednesday Series 2,Class 1 & 2 hcap,/reshyc/2016/club/wednesday_s2/class1&2_hcap.htm
530,Saturday One Design S2,Puppeteer scr,/reshyc/2016/club/saturday_oneDesign_s2/puppeteer_scr.htm
531,Saturday One Design S2,Puppeteer hcap,/reshyc/2016/club/saturday_oneDesign_s2/puppeteer_hcap.htm
481,Dinghy Spring Series,Optimist,/reshyc/2016/club/Dinghy_May/Dinghy_May-Oppyoall.htm
482,Dinghy Spring Series,Sundry Fast,/reshyc/2016/club/Dinghy_May/Dinghy_May-Sundry_Fast.htm
532,Dinghy Spring Series,Sundry Slow,/reshyc/2016/club/Dinghy_May/Dinghy_May-Sundry_Slow.htm
533,Dinghy June Series,Optimist,/reshyc/2016/club/Dinghy_June/Dinghy_June-Oppyoall.htm
534,Dinghy June Series,Sundry Fast,/reshyc/2016/club/Dinghy_June/Dinghy_June-Sundry_Fast.htm
535,Dinghy June Series,Sundry Slow,/reshyc/2016/club/Dinghy_June/Dinghy_June-Sundry_Slow.htm
536,Dinghy Summer Series,Optimist,/reshyc/2016/club/Dinghy_Summer/Dinghy_Summer-Oppyoall.htm
552,Dinghy Summer Series,Optimist Regatta,/reshyc/2016/club/Dinghy_Summer/Dinghy_Summer-Oppyoall_Regatta.htm
537,Dinghy Summer Series,Sundry Fast,/reshyc/2016/club/Dinghy_Summer/Dinghy_Summer-Sundry_Fast.htm
538,Dinghy Summer Series,Sundry Slow,/reshyc/2016/club/Dinghy_Summer/Dinghy_Summer-Sundry_Slow.htm
550,Tue + Sat Series 3,17 Footer scr,/reshyc/2016/club/tue_sat_s3/17footer_scr.htm
551,Tue + Sat Series 3,17 Footer hcap,/reshyc/2016/club/tue_sat_s3/17footer_hcap.htm
561,Tuesday Series 3,Puppeteer scr,/reshyc/2016/club/tuesday_s3/puppeteer_scr.htm
562,Tuesday Series 3,Puppeteer hcap,/reshyc/2016/club/tuesday_s3/puppeteer_hcap.htm
563,Tuesday Series 3,Squib scr,/reshyc/2016/club/tuesday_s3/squib_scr.htm
564,Tuesday Series 3,Squib hcap,/reshyc/2016/club/tuesday_s3/squib_hcap.htm
565,Wednesday Series 3,Class 1 irc,/reshyc/2016/club/wednesday_s3/class1_irc.htm
567,Wednesday Series 3,Class 1 hcap,/reshyc/2016/club/wednesday_s3/class1_hcap.htm
569,Wednesday Series 3,Class 2 irc,/reshyc/2016/club/wednesday_s3/class2_irc.htm
571,Wednesday Series 3,Class 2 hcap,/reshyc/2016/club/wednesday_s3/class2_hcap.htm
572,Wednesday Series 3,Class 3 irc,/reshyc/2016/club/wednesday_s3/class3_irc.htm
573,Wednesday Series 3,Class 3 hcap,/reshyc/2016/club/wednesday_s3/class3_hcap.htm
574,Wednesday Series 3,White Sails irc,/reshyc/2016/club/wednesday_s3/whitesails_irc.htm
575,Wednesday Series 3,White Sails hcap,/reshyc/2016/club/wednesday_s3/whitesails_hcap.htm
576,Wednesday Series 3,Class 1 & 2 irc,/reshyc/2016/club/wednesday_s3/class1&2_irc.htm
578,Wednesday Series 3,Class 1 & 2 hcap,/reshyc/2016/club/wednesday_s3/class1&2_hcap.htm
589,Saturday One Design S3,Puppeteer hcap,\reshyc\2016\club\saturday_oneDesign_s3\puppeteer_hcap.htm
590,Saturday One Design S3,Puppeteer scr,\reshyc\2016\club\saturday_oneDesign_s3\puppeteer_scr.htm
595,Tuesday Mini,17 footer scr,/reshyc/2016/club/tuesdaymini/17footer_scr.htm
596,Tuesday Mini,17 footer hcap,/reshyc/2016/club/tuesdaymini/17footer_hcap.htm
591,Tuesday Mini,Puppeteers scr,/reshyc/2016/club/tuesdaymini/puppeteer_scr.htm
592,Tuesday Mini,Puppeteers hcap,/reshyc/2016/club/tuesdaymini/puppeteer_hcap.htm
593,Tuesday Mini,Squib scr,/reshyc/2016/club/tuesdaymini/squib_scr.htm
594,Tuesday Mini,Squib hcap,/reshyc/2016/club/tuesdaymini/squib_hcap.htm
608,Wednesday Mini,Class 1 irc,/reshyc/2016/club/wednesdaymini/class1_irc.htm
607,Wednesday Mini,Class 1 hcap,/reshyc/2016/club/wednesdaymini/class1_hph.htm
609,Wednesday Mini,Class 2 irc,/reshyc/2016/club/wednesdaymini/class2_irc.htm
610,Wednesday Mini,Class 2 hcap,/reshyc/2016/club/wednesdaymini/class2_hph.htm
611,Wednesday Mini,Class 1 & 2 irc,/reshyc/2016/club/wednesdaymini/class1&2_irc.htm
612,Wednesday Mini,Class 1 & 2 hcap,/reshyc/2016/club/wednesdaymini/class1&2_hph.htm
613,Wednesday Mini,Class 3 irc,/reshyc/2016/club/wednesdaymini/class3_irc.htm
614,Wednesday Mini,Class 3 hcap,/reshyc/2016/club/wednesdaymini/class3_hph.htm
615,Wednesday Mini,White Sail irc,/reshyc/2016/club/wednesdaymini/whitesails_irc.htm
616,Wednesday Mini,White Sail hcap,/reshyc/2016/club/wednesdaymini/whitesails_hph.htm
